{
    "root_group": {
        "name": "",
        "path": "",
        "id": "d41d8cd98f00b204e9800998ecf8427e",
        "groups": {},
        "checks": {
                "status is 200": {
                    "name": "status is 200",
                    "path": "::status is 200",
                    "id": "6210a8cd14cd70477eba5c5e4cb3fb5f",
                    "passes": 268,
                    "fails": 732
                },
                "file is 10kb.html": {
                    "id": "b0a9282c58e938632d2117e8a1112466",
                    "passes": 1000,
                    "fails": 0,
                    "name": "file is 10kb.html",
                    "path": "::file is 10kb.html"
                }
            }
    },
    "metrics": {
        "http_reqs": {
            "count": 1000,
            "rate": 861.090069418498
        },
        "checks": {
            "passes": 1268,
            "fails": 732,
            "value": 0.634
        },
        "http_req_blocked": {
            "med": 0,
            "max": 79.2679,
            "p(90)": 53.9439,
            "p(95)": 57.9437,
            "avg": 13.420475399999978,
            "min": 0
        },
        "vus": {
            "value": 1000,
            "min": 1000,
            "max": 1000
        },
        "iteration_duration": {
            "max": 1158.2993,
            "p(90)": 1116.5399699999998,
            "p(95)": 1134.2704099999999,
            "avg": 1088.285428199998,
            "min": 1027.6668,
            "med": 1086.9645
        },
        "vus_max": {
            "min": 1000,
            "max": 1000,
            "value": 1000
        },
        "iterations": {
            "count": 1000,
            "rate": 861.090069418498
        },
        "http_req_waiting": {
            "min": 0,
            "med": 0,
            "max": 44.7781,
            "p(90)": 28.916,
            "p(95)": 32.63596,
            "avg": 7.153005899999992
        },
        "http_req_duration{expected_response:true}": {
            "med": 28.2377,
            "max": 83.8232,
            "p(90)": 38.80745,
            "p(95)": 45.0353,
            "avg": 30.650056343283538,
            "min": 4.9566
        },
        "http_req_tls_handshaking": {
            "p(90)": 0,
            "p(95)": 0,
            "avg": 0,
            "min": 0,
            "med": 0,
            "max": 0
        },
        "data_sent": {
            "count": 22780,
            "rate": 19615.631781353386
        },
        "http_req_duration": {
            "p(90)": 30.3874,
            "p(95)": 34.14182499999998,
            "avg": 8.214215099999988,
            "min": 0,
            "med": 0,
            "max": 83.8232,
            "thresholds": {
                "p(95)<2000": false
            }
        },
        "http_req_sending": {
            "p(90)": 1.9422,
            "p(95)": 6.4784,
            "avg": 0.9371468000000006,
            "min": 0,
            "med": 0,
            "max": 28.1655
        },
        "http_req_receiving": {
            "avg": 0.12406239999999999,
            "min": 0,
            "med": 0,
            "max": 27.216,
            "p(90)": 0,
            "p(95)": 0
        },
        "http_req_connecting": {
            "avg": 13.182619499999982,
            "min": 0,
            "med": 0,
            "max": 79.2679,
            "p(90)": 53.72472,
            "p(95)": 56.8834
        },
        "data_received": {
            "count": 2796848,
            "rate": 2408338.0384729877
        },
        "http_req_failed": {
            "passes": 732,
            "fails": 268,
            "thresholds": {
                "rate<0.01": true
            },
            "value": 0.732
        }
    }
}