{
    "metrics": {
        "data_sent": {
            "count": 8480,
            "rate": 815.261111165323
        },
        "http_req_tls_handshaking": {
            "avg": 0,
            "min": 0,
            "med": 0,
            "max": 0,
            "p(90)": 0,
            "p(95)": 0
        },
        "http_req_waiting": {
            "med": 2.7811500000000002,
            "max": 17.5014,
            "p(90)": 8.9987,
            "p(95)": 11.780215,
            "avg": 4.281805999999999,
            "min": 0
        },
        "checks": {
            "passes": 200,
            "fails": 0,
            "value": 1
        },
        "http_req_receiving": {
            "p(90)": 81.22071000000001,
            "p(95)": 94.09206999999999,
            "avg": 30.49257599999999,
            "min": 0,
            "med": 17.45765,
            "max": 101.8491
        },
        "vus": {
            "value": 10,
            "min": 10,
            "max": 10
        },
        "iteration_duration": {
            "p(90)": 1084.6299900000001,
            "p(95)": 1099.250035,
            "avg": 1038.737851,
            "min": 1001.7272,
            "med": 1031.53195,
            "max": 1107.8562
        },
        "http_req_blocked": {
            "p(95)": 26.7964,
            "avg": 2.6904889999999995,
            "min": 0,
            "med": 0,
            "max": 27.4955,
            "p(90)": 3.2174000000002185
        },
        "http_req_connecting": {
            "p(95)": 1.563,
            "avg": 0.131053,
            "min": 0,
            "med": 0,
            "max": 1.6986,
            "p(90)": 0.048840000000004165
        },
        "http_req_sending": {
            "avg": 0.061437,
            "min": 0,
            "med": 0,
            "max": 0.8129,
            "p(90)": 0,
            "p(95)": 0.6817
        },
        "data_received": {
            "count": 338022440,
            "rate": 32497234.673728034
        },
        "vus_max": {
            "min": 10,
            "max": 10,
            "value": 10
        },
        "iterations": {
            "count": 100,
            "rate": 9.613928197704281
        },
        "http_req_duration": {
            "avg": 34.83581900000001,
            "min": 0.808,
            "med": 23.0962,
            "max": 106.8943,
            "p(90)": 83.75806000000001,
            "p(95)": 98.65463000000001,
            "thresholds": {
                "p(95)<2000": false
            }
        },
        "http_req_failed": {
            "passes": 0,
            "fails": 100,
            "thresholds": {
                "rate<0.01": false
            },
            "value": 0
        },
        "http_reqs": {
            "count": 100,
            "rate": 9.613928197704281
        },
        "http_req_duration{expected_response:true}": {
            "avg": 34.83581900000001,
            "min": 0.808,
            "med": 23.0962,
            "max": 106.8943,
            "p(90)": 83.75806000000001,
            "p(95)": 98.65463000000001
        }
    },
    "root_group": {
        "path": "",
        "id": "d41d8cd98f00b204e9800998ecf8427e",
        "groups": {},
        "checks": {
                "status is 200": {
                    "name": "status is 200",
                    "path": "::status is 200",
                    "id": "6210a8cd14cd70477eba5c5e4cb3fb5f",
                    "passes": 100,
                    "fails": 0
                },
                "file is 10kb.html": {
                    "name": "file is 10kb.html",
                    "path": "::file is 10kb.html",
                    "id": "b0a9282c58e938632d2117e8a1112466",
                    "passes": 20,
                    "fails": 0
                },
                "file is 100kb.html": {
                    "passes": 20,
                    "fails": 0,
                    "name": "file is 100kb.html",
                    "path": "::file is 100kb.html",
                    "id": "0fd419c472852aa806b90367931d2573"
                },
                "file is 1mb.html": {
                    "name": "file is 1mb.html",
                    "path": "::file is 1mb.html",
                    "id": "e337e54e7471952ea269541feb6c9cf8",
                    "passes": 20,
                    "fails": 0
                },
                "file is 5mb.html": {
                    "name": "file is 5mb.html",
                    "path": "::file is 5mb.html",
                    "id": "b14a2dab2b1d97394d857fbcd06f0845",
                    "passes": 20,
                    "fails": 0
                },
                "file is 10mb.html": {
                    "id": "482a4a3f768697e0fcb0c81fcb6630f2",
                    "passes": 20,
                    "fails": 0,
                    "name": "file is 10mb.html",
                    "path": "::file is 10mb.html"
                }
            },
        "name": ""
    }
}