{
    "metrics": {
        "http_req_sending": {
            "max": 8.0031,
            "p(90)": 0,
            "p(95)": 0,
            "avg": 0.035171799999999996,
            "min": 0,
            "med": 0
        },
        "checks": {
            "passes": 2000,
            "fails": 0,
            "value": 1
        },
        "iteration_duration": {
            "p(95)": 1038.0067649999999,
            "avg": 1013.5149062999998,
            "min": 1000.3107,
            "med": 1007.28505,
            "max": 1315.908,
            "p(90)": 1030.55645
        },
        "http_req_blocked": {
            "avg": 0.022482899999999997,
            "min": 0,
            "med": 0,
            "max": 17.1384,
            "p(90)": 0,
            "p(95)": 0
        },
        "iterations": {
            "count": 1000,
            "rate": 0.9866510180289574
        },
        "data_sent": {
            "count": 84800,
            "rate": 83.66800632885558
        },
        "http_req_connecting": {
            "p(90)": 0,
            "p(95)": 0,
            "avg": 0,
            "min": 0,
            "med": 0,
            "max": 0
        },
        "data_received": {
            "rate": 3335101.8454263215,
            "count": 3380224400
        },
        "http_reqs": {
            "rate": 0.9866510180289574,
            "count": 1000
        },
        "vus_max": {
            "min": 1,
            "max": 1,
            "value": 1
        },
        "http_req_failed": {
            "passes": 0,
            "fails": 1000,
            "thresholds": {
                "rate<0.01": false
            },
            "value": 0
        },
        "http_req_receiving": {
            "max": 60.9955,
            "p(90)": 26.33652,
            "p(95)": 33.48333999999999,
            "avg": 9.4954508,
            "min": 0,
            "med": 4.068149999999999
        },
        "vus": {
            "value": 1,
            "min": 1,
            "max": 1
        },
        "http_req_duration": {
            "p(95)": 36.969024999999995,
            "avg": 12.385724799999997,
            "min": 0,
            "med": 6.1414,
            "max": 314.739,
            "p(90)": 29.222040000000003,
            "thresholds": {
                "p(95)<2000": false
            }
        },
        "http_req_waiting": {
            "avg": 2.8551021999999993,
            "min": 0,
            "med": 1.892,
            "max": 296.0158,
            "p(90)": 3.1351700000000005,
            "p(95)": 3.6600249999999996
        },
        "http_req_tls_handshaking": {
            "p(90)": 0,
            "p(95)": 0,
            "avg": 0,
            "min": 0,
            "med": 0,
            "max": 0
        },
        "http_req_duration{expected_response:true}": {
            "max": 314.739,
            "p(90)": 29.222040000000003,
            "p(95)": 36.969024999999995,
            "avg": 12.385724799999997,
            "min": 0,
            "med": 6.1414
        }
    },
    "root_group": {
        "checks": {
            "status is 200": {
                "id": "6210a8cd14cd70477eba5c5e4cb3fb5f",
                "passes": 1000,
                "fails": 0,
                "name": "status is 200",
                "path": "::status is 200"
            },
            "file is 10kb.html": {
                "name": "file is 10kb.html",
                "path": "::file is 10kb.html",
                "id": "b0a9282c58e938632d2117e8a1112466",
                "passes": 200,
                "fails": 0
            },
            "file is 100kb.html": {
                "name": "file is 100kb.html",
                "path": "::file is 100kb.html",
                "id": "0fd419c472852aa806b90367931d2573",
                "passes": 200,
                "fails": 0
            },
            "file is 1mb.html": {
                "path": "::file is 1mb.html",
                "id": "e337e54e7471952ea269541feb6c9cf8",
                "passes": 200,
                "fails": 0,
                "name": "file is 1mb.html"
            },
            "file is 5mb.html": {
                "id": "b14a2dab2b1d97394d857fbcd06f0845",
                "passes": 200,
                "fails": 0,
                "name": "file is 5mb.html",
                "path": "::file is 5mb.html"
            },
            "file is 10mb.html": {
                "fails": 0,
                "name": "file is 10mb.html",
                "path": "::file is 10mb.html",
                "id": "482a4a3f768697e0fcb0c81fcb6630f2",
                "passes": 200
            }
        },
        "name": "",
        "path": "",
        "id": "d41d8cd98f00b204e9800998ecf8427e",
        "groups": {}
    }
}