{
    "metrics": {
        "http_req_duration{expected_response:true}": {
            "med": 6.9458,
            "max": 396.1285,
            "p(90)": 61.53718000000001,
            "p(95)": 96.62430499999986,
            "avg": 23.840874280000016,
            "min": 0
        },
        "http_req_blocked": {
            "avg": 0.13969126999999987,
            "min": 0,
            "med": 0,
            "max": 14.8784,
            "p(90)": 0,
            "p(95)": 0
        },
        "vus_max": {
            "min": 100,
            "max": 100,
            "value": 100
        },
        "iteration_duration": {
            "med": 1008.0163,
            "max": 1396.4493,
            "p(90)": 1062.40482,
            "p(95)": 1097.3038399999998,
            "avg": 1024.8686394199995,
            "min": 1000.004
        },
        "http_req_waiting": {
            "avg": 3.1101635300000083,
            "min": 0,
            "med": 1.64885,
            "max": 100.1672,
            "p(90)": 5.195920000000002,
            "p(95)": 10.62929499999999
        },
        "http_req_failed": {
            "passes": 0,
            "fails": 10000,
            "thresholds": {
                "rate<0.01": false
            },
            "value": 0
        },
        "checks": {
            "passes": 20000,
            "fails": 0,
            "value": 1
        },
        "data_received": {
            "count": 33739390862,
            "rate": 327492919.65044934
        },
        "iterations": {
            "count": 10000,
            "rate": 97.0654511784023
        },
        "http_reqs": {
            "count": 10000,
            "rate": 97.0654511784023
        },
        "http_req_sending": {
            "avg": 0.029030499999999966,
            "min": 0,
            "med": 0,
            "max": 3.1672,
            "p(90)": 0,
            "p(95)": 0
        },
        "vus": {
            "min": 4,
            "max": 100,
            "value": 4
        },
        "data_sent": {
            "count": 848000,
            "rate": 8231.150259928514
        },
        "http_req_connecting": {
            "p(90)": 0,
            "p(95)": 0,
            "avg": 0.05725751000000006,
            "min": 0,
            "med": 0,
            "max": 13.8501
        },
        "http_req_duration": {
            "p(90)": 61.53718000000001,
            "p(95)": 96.62430499999986,
            "avg": 23.840874280000016,
            "min": 0,
            "med": 6.9458,
            "max": 396.1285,
            "thresholds": {
                "p(95)<2000": false
            }
        },
        "http_req_tls_handshaking": {
            "min": 0,
            "med": 0,
            "max": 0,
            "p(90)": 0,
            "p(95)": 0,
            "avg": 0
        },
        "http_req_receiving": {
            "avg": 20.701680249999917,
            "min": 0,
            "med": 4.51485,
            "max": 376.1975,
            "p(90)": 55.98653000000006,
            "p(95)": 91.20175499999996
        }
    },
    "root_group": {
        "path": "",
        "id": "d41d8cd98f00b204e9800998ecf8427e",
        "groups": {},
        "checks": {
                "status is 200": {
                    "name": "status is 200",
                    "path": "::status is 200",
                    "id": "6210a8cd14cd70477eba5c5e4cb3fb5f",
                    "passes": 10000,
                    "fails": 0
                },
                "file is 10kb.html": {
                    "name": "file is 10kb.html",
                    "path": "::file is 10kb.html",
                    "id": "b0a9282c58e938632d2117e8a1112466",
                    "passes": 2006,
                    "fails": 0
                },
                "file is 100kb.html": {
                    "name": "file is 100kb.html",
                    "path": "::file is 100kb.html",
                    "id": "0fd419c472852aa806b90367931d2573",
                    "passes": 2000,
                    "fails": 0
                },
                "file is 1mb.html": {
                    "name": "file is 1mb.html",
                    "path": "::file is 1mb.html",
                    "id": "e337e54e7471952ea269541feb6c9cf8",
                    "passes": 2000,
                    "fails": 0
                },
                "file is 5mb.html": {
                    "path": "::file is 5mb.html",
                    "id": "b14a2dab2b1d97394d857fbcd06f0845",
                    "passes": 2000,
                    "fails": 0,
                    "name": "file is 5mb.html"
                },
                "file is 10mb.html": {
                    "id": "482a4a3f768697e0fcb0c81fcb6630f2",
                    "passes": 1994,
                    "fails": 0,
                    "name": "file is 10mb.html",
                    "path": "::file is 10mb.html"
                }
            },
        "name": ""
    }
}