{
    "metrics": {
        "http_req_failed": {
            "passes": 0,
            "fails": 10000,
            "thresholds": {
                "rate<0.01": false
            },
            "value": 0
        },
        "http_req_waiting": {
            "med": 1.6072,
            "max": 21.1521,
            "p(90)": 3.3817500000000003,
            "p(95)": 4.362679999999996,
            "avg": 1.8797093799999984,
            "min": 0
        },
        "http_req_connecting": {
            "avg": 0.0011896799999999998,
            "min": 0,
            "med": 0,
            "max": 1.6181,
            "p(90)": 0,
            "p(95)": 0
        },
        "http_req_duration": {
            "avg": 12.613114569999961,
            "min": 0,
            "med": 5.333,
            "max": 104.4922,
            "p(90)": 34.81673000000001,
            "p(95)": 45.221984999999954,
            "thresholds": {
                "p(95)<2000": false
            }
        },
        "vus": {
            "value": 3,
            "min": 3,
            "max": 10
        },
        "checks": {
            "passes": 20000,
            "fails": 0,
            "value": 1
        },
        "iteration_duration": {
            "avg": 1013.6542981899971,
            "min": 1000.1411,
            "med": 1006.4422999999999,
            "max": 1106.4932,
            "p(90)": 1035.95562,
            "p(95)": 1046.31245
        },
        "http_req_receiving": {
            "max": 102.557,
            "p(90)": 32.085370000000005,
            "p(95)": 42.174765,
            "avg": 10.695562259999994,
            "min": 0,
            "med": 3.44725
        },
        "data_received": {
            "rate": 33334287.59052706,
            "count": 33802244000
        },
        "http_req_sending": {
            "max": 2.0178,
            "p(90)": 0,
            "p(95)": 0.5138449999999993,
            "avg": 0.037842929999999976,
            "min": 0,
            "med": 0
        },
        "http_req_duration{expected_response:true}": {
            "max": 104.4922,
            "p(90)": 34.81673000000001,
            "p(95)": 45.221984999999954,
            "avg": 12.613114569999961,
            "min": 0,
            "med": 5.333
        },
        "http_req_tls_handshaking": {
            "med": 0,
            "max": 0,
            "p(90)": 0,
            "p(95)": 0,
            "avg": 0,
            "min": 0
        },
        "data_sent": {
            "count": 848000,
            "rate": 836.2603345732593
        },
        "http_req_blocked": {
            "avg": 0.04305912999999998,
            "min": 0,
            "med": 0,
            "max": 33.5525,
            "p(90)": 0,
            "p(95)": 0
        },
        "http_reqs": {
            "count": 10000,
            "rate": 9.861560549212964
        },
        "vus_max": {
            "value": 10,
            "min": 10,
            "max": 10
        },
        "iterations": {
            "count": 10000,
            "rate": 9.861560549212964
        }
    },
    "root_group": {
        "id": "d41d8cd98f00b204e9800998ecf8427e",
        "groups": {},
        "checks": {
                "status is 200": {
                    "name": "status is 200",
                    "path": "::status is 200",
                    "id": "6210a8cd14cd70477eba5c5e4cb3fb5f",
                    "passes": 10000,
                    "fails": 0
                },
                "file is 10kb.html": {
                    "name": "file is 10kb.html",
                    "path": "::file is 10kb.html",
                    "id": "b0a9282c58e938632d2117e8a1112466",
                    "passes": 2000,
                    "fails": 0
                },
                "file is 100kb.html": {
                    "id": "0fd419c472852aa806b90367931d2573",
                    "passes": 2000,
                    "fails": 0,
                    "name": "file is 100kb.html",
                    "path": "::file is 100kb.html"
                },
                "file is 1mb.html": {
                    "name": "file is 1mb.html",
                    "path": "::file is 1mb.html",
                    "id": "e337e54e7471952ea269541feb6c9cf8",
                    "passes": 2000,
                    "fails": 0
                },
                "file is 5mb.html": {
                    "passes": 2000,
                    "fails": 0,
                    "name": "file is 5mb.html",
                    "path": "::file is 5mb.html",
                    "id": "b14a2dab2b1d97394d857fbcd06f0845"
                },
                "file is 10mb.html": {
                    "name": "file is 10mb.html",
                    "path": "::file is 10mb.html",
                    "id": "482a4a3f768697e0fcb0c81fcb6630f2",
                    "passes": 2000,
                    "fails": 0
                }
            },
        "name": "",
        "path": ""
    }
}