{
    "metrics": {
        "checks": {
            "passes": 7092,
            "fails": 0,
            "value": 1
        },
        "dropped_iterations": {
            "count": 6454,
            "rate": 1.7925607791334863
        },
        "http_req_connecting": {
            "p(90)": 0,
            "p(95)": 0,
            "avg": 0.00019292160180485056,
            "min": 0,
            "med": 0,
            "max": 0.6841
        },
        "http_req_duration": {
            "avg": 14.123321799210414,
            "min": 0,
            "med": 8.78195,
            "max": 88.8486,
            "p(90)": 34.365849999999995,
            "p(95)": 40.68715,
            "thresholds": {
                "p(95)<2000": false
            }
        },
        "http_req_failed": {
            "passes": 0,
            "fails": 3546,
            "thresholds": {
                "rate<0.01": false
            },
            "value": 0
        },
        "http_req_sending": {
            "med": 0,
            "max": 1.5521,
            "p(90)": 0,
            "p(95)": 0.30865,
            "avg": 0.033680146644106033,
            "min": 0
        },
        "http_req_receiving": {
            "med": 6.31635,
            "max": 87.6538,
            "p(90)": 32.00115,
            "p(95)": 38.02235,
            "avg": 11.763841398759155,
            "min": 0
        },
        "http_req_tls_handshaking": {
            "min": 0,
            "med": 0,
            "max": 0,
            "p(90)": 0,
            "p(95)": 0,
            "avg": 0
        },
        "http_reqs": {
            "count": 3546,
            "rate": 0.9848807751483333
        },
        "http_req_duration{expected_response:true}": {
            "max": 88.8486,
            "p(90)": 34.365849999999995,
            "p(95)": 40.68715,
            "avg": 14.123321799210414,
            "min": 0,
            "med": 8.78195
        },
        "http_req_blocked": {
            "p(90)": 0,
            "p(95)": 0,
            "avg": 0.01672549351381839,
            "min": 0,
            "med": 0,
            "max": 29.5554
        },
        "iteration_duration": {
            "avg": 1015.3303768471528,
            "min": 1000.5031,
            "med": 1010.0446,
            "max": 1089.608,
            "p(90)": 1035.69275,
            "p(95)": 1041.99135
        },
        "iterations": {
            "count": 3546,
            "rate": 0.9848807751483333
        },
        "vus_max": {
            "value": 1,
            "min": 1,
            "max": 1
        },
        "http_req_waiting": {
            "med": 2.3847500000000004,
            "max": 7.2876,
            "p(90)": 3.55185,
            "p(95)": 3.97135,
            "avg": 2.3258002538071074,
            "min": 0
        },
        "data_received": {
            "count": 11982905934,
            "rate": 3328182.08821418
        },
        "data_sent": {
            "count": 300701,
            "rate": 83.51794528140975
        },
        "vus": {
            "max": 1,
            "value": 1,
            "min": 1
        }
    },
    "root_group": {
        "checks": {
            "status is 200": {
                "fails": 0,
                "name": "status is 200",
                "path": "::status is 200",
                "id": "6210a8cd14cd70477eba5c5e4cb3fb5f",
                "passes": 3546
            },
            "file is 10kb.html": {
                "name": "file is 10kb.html",
                "path": "::file is 10kb.html",
                "id": "b0a9282c58e938632d2117e8a1112466",
                "passes": 710,
                "fails": 0
            },
            "file is 100kb.html": {
                "name": "file is 100kb.html",
                "path": "::file is 100kb.html",
                "id": "0fd419c472852aa806b90367931d2573",
                "passes": 709,
                "fails": 0
            },
            "file is 1mb.html": {
                "fails": 0,
                "name": "file is 1mb.html",
                "path": "::file is 1mb.html",
                "id": "e337e54e7471952ea269541feb6c9cf8",
                "passes": 709
            },
            "file is 5mb.html": {
                "name": "file is 5mb.html",
                "path": "::file is 5mb.html",
                "id": "b14a2dab2b1d97394d857fbcd06f0845",
                "passes": 709,
                "fails": 0
            },
            "file is 10mb.html": {
                "id": "482a4a3f768697e0fcb0c81fcb6630f2",
                "passes": 709,
                "fails": 0,
                "name": "file is 10mb.html",
                "path": "::file is 10mb.html"
            }
        },
        "name": "",
        "path": "",
        "id": "d41d8cd98f00b204e9800998ecf8427e",
        "groups": {}
    }
}